batch_size,epochs,loss,acc
128,5,0.017486561937428303,0.9384448186700655
