batch_size,epochs,loss,acc
256,2,0.027438997753565796,0.8863020140301345
