batch_size,epochs,loss,acc
64,1,0.02024330354227689,0.9107054842541985
