batch_size,epochs,loss,acc
64,2,0.015538529277592375,0.930368545478272
