batch_size,epochs,loss,acc
128,1,0.015239387063044337,0.9314556644341296
