batch_size,epochs,loss,acc
64,3,0.013040666059944587,0.9421177178369636
