batch_size,epochs,loss,acc
256,3,0.015895287132522355,0.9390789807165295
