batch_size,epochs,loss,acc
128,3,0.013393083642226817,0.9438538707810541
