batch_size,epochs,loss,acc
128,2,0.013269217064705996,0.9410226824378214
