batch_size,epochs,loss,acc
64,5,0.012995163074353173,0.9430141535951607
