batch_size,epochs,loss,acc
256,1,0.016124479993154826,0.9246503828097375
